,Total,Sack,Int,PD,FF,team,opp,weekn,home,points,pass_Comp,pass_Att,pass_Yds,pass_TD,rush_Rush,rush_Yds,rush_Avg,rush_TD,rec_Rec,rec_Yds,rec_Avg
0,71.0,1.0,0.0,4.0,1.0,kc,det,1,1,21,22,35,253,1,34.0,118.0,12.3,1.0,22.0,253.0,81.1
1,49.0,0.0,1.0,5.0,0.0,det,kc,1,0,20,21,39,226,2,23.0,90.0,14.1,0.0,21.0,226.0,110.3
2,70.0,5.0,3.0,4.0,1.0,nyj,buf,1,1,16,29,41,236,1,22.0,97.0,20.8,0.0,29.0,236.0,65.3
3,60.0,3.0,1.0,2.0,1.0,buf,nyj,1,0,22,14,22,140,1,28.0,172.0,22.7,0.0,14.0,140.0,66.5
4,58.0,0.0,0.0,4.0,1.0,nyg,dal,1,1,40,13,25,143,0,30.0,122.0,21.0,3.0,13.0,143.0,57.3
5,64.0,7.0,2.0,8.0,3.0,dal,nyg,1,0,0,17,30,110,0,28.0,108.0,17.1,0.0,17.0,110.0,56.5
6,81.0,0.0,0.0,1.0,0.0,sea,lar,1,1,30,24,38,334,0,40.0,92.0,8.5,3.0,24.0,334.0,75.0
7,49.0,2.0,0.0,1.0,0.0,lar,sea,1,0,13,16,26,112,1,18.0,85.0,17.0,0.0,16.0,112.0,56.3
8,67.0,3.0,0.0,5.0,3.0,pit,sf,1,1,30,19,29,220,2,34.0,188.0,18.6,1.0,19.0,220.0,39.1
9,55.0,5.0,2.0,4.0,0.0,sf,pit,1,0,7,31,46,232,1,10.0,41.0,11.2,0.0,31.0,232.0,63.6
10,51.0,3.0,3.0,11.0,0.0,no,ten,1,1,15,16,34,198,0,22.0,104.0,23.9,0.0,16.0,198.0,61.8
11,64.0,4.0,1.0,4.0,2.0,ten,no,1,0,16,23,33,305,1,27.0,69.0,15.6,0.0,23.0,305.0,59.5
12,62.0,3.0,0.0,4.0,1.0,ne,phi,1,1,25,22,33,170,1,25.0,97.0,14.0,0.0,22.0,170.0,38.5
13,73.0,2.0,1.0,10.0,2.0,phi,ne,1,0,20,35,54,316,3,22.0,76.0,20.7,0.0,35.0,316.0,70.19999999999999
14,56.0,1.0,0.0,4.0,0.0,chi,gb,1,1,38,15,27,245,3,32.0,92.0,12.5,1.0,15.0,245.0,107.7
15,71.0,4.0,1.0,6.0,1.0,gb,chi,1,0,20,24,37,216,1,29.0,122.0,16.8,1.0,24.0,216.0,63.7
16,45.0,0.0,1.0,10.0,0.0,lac,mia,1,1,36,28,45,466,3,20.0,70.0,16.9,1.0,28.0,466.0,104.5
17,86.0,3.0,0.0,1.0,0.0,mia,lac,1,0,34,23,33,229,1,40.0,233.0,21.4,3.0,23.0,229.0,67.1
18,54.0,0.0,1.0,5.0,0.0,den,lv,1,1,17,20,26,200,2,29.0,61.0,5.7,0.0,20.0,200.0,61.5
19,61.0,2.0,0.0,1.0,0.0,lv,den,1,0,16,27,34,177,2,22.0,94.0,10.1,0.0,27.0,177.0,57.900000000000006
20,62.0,3.0,0.0,3.0,2.0,was,ari,1,1,16,21,30,132,0,25.0,96.0,37.6,0.0,21.0,132.0,46.4
21,67.0,6.0,1.0,7.0,2.0,ari,was,1,0,20,19,31,202,1,28.0,92.0,19.9,1.0,19.0,202.0,79.1
22,70.0,1.0,0.0,5.0,0.0,min,tb,1,1,20,21,34,173,2,33.0,73.0,10.7,0.0,21.0,173.0,49.2
23,65.0,2.0,1.0,3.0,1.0,tb,min,1,0,17,33,44,344,2,17.0,41.0,5.4,0.0,33.0,344.0,82.2
24,76.0,5.0,0.0,4.0,1.0,bal,hou,1,1,9,28,44,242,0,23.0,72.0,9.6,0.0,28.0,242.0,73.3
25,63.0,3.0,1.0,1.0,1.0,hou,bal,1,0,25,17,22,169,0,32.0,110.0,18.700000000000003,3.0,17.0,169.0,50.4
26,74.0,2.0,1.0,3.0,3.0,ind,jax,1,1,31,24,32,241,2,35.0,105.0,4.199999999999999,2.0,24.0,241.0,47.8
27,65.0,4.0,1.0,5.0,2.0,jax,ind,1,0,21,24,39,223,1,26.0,65.0,11.1,1.0,24.0,223.0,77.7
28,74.0,2.0,2.0,4.0,1.0,atl,car,1,1,10,20,38,146,1,32.0,154.0,18.9,0.0,20.0,146.0,55.2
29,54.0,4.0,0.0,0.0,1.0,car,atl,1,0,24,15,18,115,1,26.0,130.0,9.6,2.0,15.0,115.0,37.099999999999994
30,43.0,2.0,0.0,4.0,0.0,cle,cin,1,1,3,14,32,82,0,20.0,75.0,13.8,0.0,14.0,82.0,23.2
31,76.0,3.0,1.0,5.0,1.0,cin,cle,1,0,24,16,29,154,1,40.0,206.0,26.8,1.0,16.0,154.0,70.4
32,79.0,6.0,1.0,8.0,4.0,pit,cle,2,1,22,22,40,235,1,35.0,198.0,22.2,1.0,22.0,235.0,63.2
33,44.0,2.0,1.0,7.0,1.0,cle,pit,2,0,26,15,30,222,1,21.0,55.0,4.1,0.0,15.0,222.0,71.3
34,69.0,4.0,1.0,7.0,0.0,car,no,2,1,20,22,37,236,0,33.0,134.0,13.0,2.0,22.0,236.0,53.5
35,55.0,4.0,0.0,2.0,1.0,no,car,2,0,17,22,33,153,1,19.0,100.0,35.1,0.0,22.0,153.0,46.2
36,58.0,1.0,1.0,3.0,0.0,ne,mia,2,1,24,21,30,249,1,30.0,145.0,16.5,2.0,21.0,249.0,87.5
37,74.0,4.0,1.0,6.0,1.0,mia,ne,2,0,17,31,42,231,1,25.0,88.0,10.9,1.0,31.0,231.0,50.49999999999999
38,56.0,0.0,0.0,1.0,1.0,hou,ind,2,1,31,25,33,227,1,23.0,126.0,18.1,3.0,25.0,227.0,86.9
39,69.0,6.0,0.0,2.0,1.0,ind,hou,2,0,20,30,47,384,2,26.0,52.0,8.9,0.0,30.0,384.0,94.5
40,61.0,4.0,0.0,4.0,1.0,den,was,2,1,35,27,39,299,2,23.0,122.0,28.8,2.0,27.0,299.0,109.2
41,58.0,7.0,1.0,4.0,1.0,was,den,2,0,33,18,32,308,3,23.0,122.0,30.0,1.0,18.0,308.0,128.7
42,37.0,3.0,3.0,7.0,1.0,dal,nyj,2,1,10,12,27,170,1,16.0,64.0,19.3,0.0,12.0,170.0,77.0
43,84.0,1.0,0.0,3.0,1.0,nyj,dal,2,0,30,31,38,255,2,44.0,134.0,17.2,0.0,31.0,255.0,63.3
44,60.0,3.0,1.0,7.0,0.0,ari,nyg,2,1,31,26,37,321,2,27.0,127.0,15.3,2.0,26.0,321.0,102.0
45,55.0,0.0,0.0,2.0,0.0,nyg,ari,2,0,28,21,31,228,1,29.0,151.0,19.299999999999997,2.0,21.0,228.0,79.5
46,61.0,1.0,0.0,1.0,1.0,lar,sf,2,1,30,17,25,206,0,28.0,159.0,15.099999999999998,3.0,17.0,206.0,66.6
47,69.0,1.0,2.0,7.0,0.0,sf,lar,2,0,23,34,55,307,1,22.0,89.0,26.0,1.0,34.0,307.0,55.8
48,65.0,1.0,1.0,8.0,2.0,jax,kc,2,1,17,29,41,305,2,22.0,101.0,11.1,0.0,29.0,305.0,103.2
49,57.0,4.0,0.0,6.0,1.0,kc,jax,2,0,9,23,42,215,0,18.0,74.0,16.5,0.0,23.0,215.0,50.5
50,45.0,6.0,2.0,7.0,1.0,tb,chi,2,1,17,16,29,211,1,16.0,67.0,10.8,1.0,16.0,211.0,66.8
51,78.0,0.0,0.0,2.0,2.0,chi,tb,2,0,27,26,34,317,1,34.0,120.0,25.0,1.0,26.0,317.0,74.9
52,65.0,3.0,0.0,5.0,0.0,ten,lac,2,1,24,27,41,305,2,21.0,61.0,20.5,0.0,27.0,305.0,88.8
53,78.0,5.0,0.0,1.0,0.0,lac,ten,2,0,27,20,24,246,1,34.0,141.0,21.3,2.0,20.0,246.0,109.4
54,71.0,0.0,0.0,3.0,0.0,cin,bal,2,1,27,24,33,237,2,37.0,178.0,25.4,1.0,24.0,237.0,64.8
55,53.0,1.0,1.0,6.0,0.0,bal,cin,2,0,24,27,41,222,2,15.0,66.0,11.5,0.0,27.0,222.0,42.0
56,39.0,1.0,0.0,5.0,0.0,atl,gb,2,1,24,14,25,151,3,21.0,84.0,17.9,0.0,14.0,151.0,73.3
57,87.0,1.0,1.0,4.0,0.0,gb,atl,2,0,25,19,32,237,1,45.0,211.0,13.4,1.0,19.0,237.0,62.5
58,62.0,1.0,0.0,2.0,0.0,det,sea,2,1,37,32,41,328,2,25.0,82.0,16.2,2.0,32.0,328.0,93.9
59,68.0,2.0,1.0,3.0,2.0,sea,det,2,0,31,28,35,323,3,27.0,102.0,19.9,1.0,28.0,323.0,78.39999999999999
60,41.0,0.0,2.0,5.0,1.0,buf,lv,2,1,10,16,24,185,1,15.0,55.0,40.3,0.0,16.0,185.0,64.2
61,77.0,2.0,0.0,2.0,0.0,lv,buf,2,0,38,31,37,274,3,35.0,183.0,16.900000000000002,2.0,31.0,274.0,66.10000000000001
62,44.0,2.0,0.0,2.0,4.0,phi,min,2,1,28,31,44,364,4,9.0,28.0,3.5,0.0,31.0,364.0,73.9
63,94.0,4.0,1.0,3.0,1.0,min,phi,2,0,34,18,23,193,1,48.0,259.0,20.2,3.0,18.0,193.0,50.8
64,42.0,6.0,2.0,5.0,0.0,cin,lar,3,1,16,18,33,269,1,13.0,71.0,36.8,0.0,18.0,269.0,103.6
65,56.0,2.0,1.0,6.0,0.0,lar,cin,3,0,19,26,49,259,0,23.0,67.0,6.7,1.0,26.0,259.0,68.1
66,79.0,1.0,2.0,3.0,0.0,tb,phi,3,1,25,23,37,277,1,40.0,201.0,14.0,1.0,23.0,277.0,77.8
67,41.0,2.0,1.0,2.0,2.0,phi,tb,3,0,11,15,25,146,1,17.0,41.0,5.2,0.0,15.0,146.0,57.7
68,63.0,0.0,0.0,4.0,0.0,nyj,ne,3,1,15,15,29,201,1,40.0,157.0,16.4,0.0,15.0,201.0,113.0
69,54.0,3.0,0.0,5.0,1.0,ne,nyj,3,0,10,18,36,157,0,22.0,38.0,5.8,1.0,18.0,157.0,68.0
70,66.0,0.0,1.0,8.0,0.0,was,buf,3,1,37,20,32,218,1,33.0,168.0,23.8,2.0,20.0,218.0,95.9
71,50.0,9.0,4.0,5.0,1.0,buf,was,3,0,3,19,29,170,0,13.0,105.0,33.5,0.0,19.0,170.0,61.39999999999999
72,63.0,1.0,0.0,3.0,4.0,min,lac,3,1,28,41,48,454,4,15.0,30.0,10.1,0.0,41.0,454.0,65.7
73,65.0,4.0,1.0,8.0,1.0,lac,min,3,0,24,32,50,367,3,24.0,130.0,23.7,0.0,32.0,367.0,100.20000000000002
74,55.0,1.0,1.0,8.0,3.0,mia,den,3,1,20,23,38,306,1,20.0,69.0,12.8,0.0,23.0,306.0,87.9
75,75.0,0.0,0.0,0.0,0.0,den,mia,3,0,70,25,28,376,5,43.0,350.0,23.9,5.0,25.0,376.0,146.0
76,50.0,3.0,1.0,3.0,1.0,kc,chi,3,1,10,11,22,99,1,26.0,116.0,13.5,0.0,11.0,99.0,53.2
77,81.0,0.0,2.0,4.0,0.0,chi,kc,3,0,41,27,38,303,3,37.0,153.0,21.1,2.0,27.0,303.0,119.0
78,59.0,3.0,0.0,8.0,0.0,sea,car,3,1,27,34,58,361,2,14.0,44.0,13.7,1.0,34.0,361.0,91.3
79,64.0,2.0,1.0,3.0,0.0,car,sea,3,0,37,23,36,296,1,33.0,146.0,13.0,2.0,23.0,296.0,84.7
80,73.0,2.0,1.0,9.0,0.0,ari,dal,3,1,16,25,40,249,1,33.0,185.0,32.1,0.0,25.0,249.0,69.7
81,60.0,2.0,0.0,1.0,0.0,dal,ari,3,0,28,17,21,189,1,30.0,222.0,37.8,2.0,17.0,189.0,79.2
82,59.0,1.0,0.0,3.0,0.0,lv,pit,3,1,23,16,28,235,2,31.0,105.0,10.7,0.0,16.0,235.0,82.2
83,57.0,4.0,3.0,6.0,0.0,pit,lv,3,0,18,28,44,324,2,19.0,69.0,7.1,0.0,28.0,324.0,63.8
84,61.0,0.0,0.0,2.0,0.0,jax,hou,3,1,37,20,30,280,2,26.0,86.0,11.5,1.0,20.0,280.0,90.6
85,68.0,0.0,1.0,5.0,1.0,hou,jax,3,0,17,29,42,288,1,27.0,116.0,15.6,1.0,29.0,288.0,77.2
86,87.0,4.0,0.0,5.0,1.0,bal,ind,3,1,22,27,44,227,1,35.0,139.0,7.5,0.0,27.0,227.0,64.0
87,75.0,4.0,0.0,1.0,3.0,ind,bal,3,0,19,22,31,202,0,37.0,186.0,17.0,2.0,22.0,202.0,77.6
88,61.0,7.0,0.0,7.0,1.0,det,atl,3,1,6,21,38,201,0,20.0,44.0,2.5,0.0,21.0,201.0,94.4
89,72.0,0.0,1.0,4.0,0.0,atl,det,3,0,20,22,33,243,1,31.0,115.0,17.400000000000002,1.0,22.0,243.0,37.6
90,56.0,4.0,0.0,6.0,0.0,gb,no,3,1,17,23,34,204,1,22.0,77.0,10.7,0.0,23.0,204.0,49.6
91,57.0,1.0,1.0,13.0,0.0,no,gb,3,0,18,22,44,259,1,26.0,95.0,23.3,1.0,22.0,259.0,68.8
92,40.0,5.0,0.0,4.0,1.0,cle,ten,3,1,3,13,25,104,0,15.0,26.0,3.3,0.0,13.0,104.0,44.599999999999994
93,79.0,3.0,0.0,0.0,2.0,ten,cle,3,0,27,27,33,289,2,31.0,78.0,15.6,1.0,27.0,289.0,70.8
94,41.0,2.0,1.0,3.0,0.0,sf,nyg,3,1,12,22,33,137,0,11.0,29.0,10.1,1.0,22.0,137.0,50.5
95,74.0,2.0,0.0,4.0,0.0,nyg,sf,3,0,30,25,37,310,2,39.0,141.0,15.9,1.0,25.0,310.0,69.39999999999999
96,48.0,2.0,0.0,4.0,0.0,nyg,sea,4,1,24,15,26,173,1,23.0,121.0,21.8,1.0,15.0,173.0,75.0
97,87.0,11.0,2.0,4.0,2.0,sea,nyg,4,0,3,27,34,203,0,29.0,112.0,18.0,0.0,27.0,203.0,76.1
98,61.0,1.0,2.0,4.0,0.0,nyj,kc,4,1,23,18,30,203,1,35.0,204.0,28.9,1.0,18.0,203.0,92.0
99,49.0,2.0,0.0,3.0,1.0,kc,nyj,4,0,20,28,39,245,2,16.0,108.0,35.0,0.0,28.0,245.0,75.8
100,74.0,1.0,1.0,3.0,0.0,no,tb,4,1,26,25,33,246,3,33.0,114.0,20.4,0.0,25.0,246.0,59.5
101,54.0,3.0,1.0,4.0,2.0,tb,no,4,0,9,24,39,140,0,19.0,70.0,15.6,0.0,24.0,140.0,47.8
102,74.0,2.0,1.0,7.0,1.0,ind,lar,4,1,29,27,40,319,1,36.0,164.0,16.3,2.0,27.0,319.0,68.2
103,60.0,2.0,0.0,4.0,1.0,lar,ind,4,0,23,11,25,200,2,31.0,133.0,11.8,1.0,11.0,200.0,139.0
104,57.0,3.0,0.0,5.0,2.0,ten,cin,4,1,3,20,30,165,0,18.0,72.0,9.1,0.0,20.0,165.0,64.4
105,67.0,3.0,1.0,1.0,1.0,cin,ten,4,0,27,19,26,242,2,33.0,173.0,15.3,1.0,19.0,242.0,109.7
106,62.0,7.0,1.0,3.0,2.0,lac,lv,4,1,17,24,39,238,0,23.0,76.0,9.4,2.0,24.0,238.0,72.0
107,54.0,2.0,1.0,7.0,0.0,lv,lac,4,0,24,13,24,167,1,37.0,155.0,25.5,2.0,13.0,167.0,74.4
108,52.0,2.0,2.0,5.0,1.0,dal,ne,4,1,3,16,30,207,0,23.0,53.0,7.1000000000000005,0.0,16.0,207.0,103.8
109,72.0,3.0,0.0,2.0,2.0,ne,dal,4,0,38,30,36,281,1,30.0,124.0,66.7,1.0,30.0,281.0,71.4
110,72.0,5.0,0.0,5.0,1.0,phi,was,4,1,31,29,41,290,1,28.0,107.0,16.1,2.0,29.0,290.0,95.1
111,63.0,3.0,0.0,3.0,1.0,was,phi,4,0,34,25,37,319,2,27.0,104.0,11.3,1.0,25.0,319.0,63.3
112,61.0,3.0,1.0,5.0,2.0,hou,pit,4,1,6,18,28,132,0,25.0,114.0,18.2,0.0,18.0,132.0,72.89999999999999
113,70.0,0.0,0.0,4.0,1.0,pit,hou,4,0,30,17,31,312,3,38.0,139.0,21.5,0.0,17.0,312.0,122.7
114,64.0,1.0,0.0,0.0,0.0,sf,ari,4,1,16,28,41,265,2,25.0,105.0,13.7,0.0,28.0,265.0,52.7
115,58.0,1.0,0.0,0.0,0.0,ari,sf,4,0,35,20,21,283,1,31.0,124.0,11.1,4.0,20.0,283.0,87.8
116,51.0,4.0,2.0,9.0,1.0,jax,atl,4,1,7,19,31,191,1,22.0,127.0,15.8,0.0,19.0,191.0,47.5
117,73.0,2.0,0.0,0.0,2.0,atl,jax,4,0,23,23,30,207,1,32.0,105.0,9.4,0.0,23.0,207.0,47.6
118,47.0,1.0,0.0,1.0,0.0,chi,den,4,1,31,21,28,223,3,19.0,97.0,15.6,0.0,21.0,223.0,104.0
119,76.0,4.0,1.0,4.0,1.0,den,chi,4,0,28,28,35,335,4,31.0,171.0,35.1,0.0,28.0,335.0,86.1
120,46.0,2.0,2.0,3.0,0.0,car,min,4,1,21,12,19,139,2,23.0,135.0,13.6,0.0,12.0,139.0,50.7
121,85.0,5.0,0.0,3.0,2.0,min,car,4,0,13,25,32,204,0,31.0,83.0,22.4,0.0,25.0,204.0,60.400000000000006
122,58.0,3.0,0.0,3.0,0.0,cle,bal,4,1,28,15,19,186,2,33.0,131.0,22.2,2.0,15.0,186.0,80.2
123,50.0,3.0,3.0,10.0,0.0,bal,cle,4,0,3,19,36,121,0,25.0,93.0,3.1000000000000014,0.0,19.0,121.0,57.5
124,77.0,2.0,1.0,2.0,0.0,gb,det,4,1,34,19,28,210,1,43.0,211.0,53.8,3.0,19.0,210.0,59.0
125,48.0,5.0,2.0,6.0,1.0,det,gb,4,0,20,23,36,246,1,12.0,27.0,4.800000000000001,1.0,23.0,246.0,84.4
126,52.0,4.0,1.0,5.0,2.0,buf,mia,4,1,20,25,35,282,1,19.0,142.0,42.4,2.0,25.0,282.0,105.6
127,53.0,2.0,0.0,3.0,0.0,mia,buf,4,0,48,21,25,320,4,29.0,104.0,18.5,2.0,21.0,320.0,133.1
128,58.0,2.0,3.0,4.0,0.0,lv,gb,5,1,13,16,30,182,0,25.0,110.0,18.3,1.0,16.0,182.0,90.5
129,71.0,4.0,1.0,4.0,0.0,gb,lv,5,0,17,22,31,208,1,29.0,96.0,26.0,1.0,22.0,208.0,69.0
130,60.0,3.0,0.0,4.0,1.0,was,chi,5,1,40,15,29,282,4,32.0,178.0,22.4,0.0,15.0,282.0,42.2
131,73.0,5.0,1.0,5.0,1.0,chi,was,5,0,20,37,51,388,2,10.0,29.0,6.5,0.0,37.0,388.0,116.0
132,68.0,4.0,1.0,2.0,3.0,den,nyj,5,1,31,19,26,199,0,32.0,234.0,28.5,1.0,19.0,199.0,64.2
133,56.0,4.0,0.0,4.0,2.0,nyj,den,5,0,21,20,31,196,2,22.0,139.0,18.3,0.0,20.0,196.0,66.1
134,85.0,1.0,1.0,3.0,0.0,lar,phi,5,1,23,25,38,303,1,39.0,159.0,11.3,1.0,25.0,303.0,61.099999999999994
135,45.0,4.0,0.0,2.0,1.0,phi,lar,5,0,14,21,37,222,2,14.0,54.0,5.1,0.0,21.0,222.0,41.4
136,70.0,2.0,0.0,4.0,0.0,min,kc,5,1,27,31,41,281,2,21.0,67.0,12.7,1.0,31.0,281.0,108.2
137,58.0,3.0,0.0,8.0,1.0,kc,min,5,0,20,29,47,284,2,18.0,70.0,32.0,0.0,29.0,284.0,88.3
138,84.0,3.0,1.0,1.0,1.0,ari,cin,5,1,34,36,46,317,3,30.0,93.0,10.0,0.0,36.0,317.0,43.1
139,48.0,3.0,2.0,8.0,1.0,cin,ari,5,0,20,15,32,166,2,22.0,142.0,29.2,1.0,15.0,166.0,78.5
140,61.0,4.0,1.0,6.0,3.0,pit,bal,5,1,10,22,38,236,0,25.0,125.0,16.1,1.0,22.0,236.0,59.2
141,58.0,3.0,0.0,5.0,1.0,bal,pit,5,0,17,18,32,224,1,30.0,87.0,22.0,0.0,18.0,224.0,51.2
142,47.0,4.0,3.0,6.0,1.0,sf,dal,5,1,10,16,26,161,1,19.0,57.0,14.9,0.0,16.0,161.0,71.9
143,76.0,1.0,0.0,5.0,1.0,dal,sf,5,0,42,18,25,253,4,41.0,170.0,18.1,2.0,18.0,253.0,95.1
144,75.0,2.0,0.0,1.0,0.0,ne,no,5,1,34,18,26,183,2,42.0,136.0,13.7,1.0,18.0,183.0,63.3
145,43.0,2.0,2.0,8.0,0.0,no,ne,5,0,0,15,31,132,0,18.0,45.0,5.6,0.0,15.0,132.0,75.3
146,74.0,7.0,0.0,4.0,1.0,mia,nyg,5,1,16,23,32,205,0,29.0,85.0,16.099999999999998,0.0,23.0,205.0,76.9
147,50.0,1.0,2.0,6.0,2.0,nyg,mia,5,0,31,22,30,308,2,23.0,222.0,23.2,2.0,22.0,308.0,69.6
148,59.0,1.0,1.0,5.0,0.0,ind,ten,5,1,16,23,35,264,0,22.0,89.0,14.2,1.0,23.0,264.0,76.2
149,76.0,1.0,0.0,1.0,1.0,ten,ind,5,0,23,20,26,253,0,34.0,193.0,17.2,2.0,20.0,253.0,100.1
150,84.0,5.0,0.0,7.0,3.0,buf,jax,5,1,25,25,37,315,1,40.0,196.0,26.3,2.0,25.0,315.0,73.1
151,39.0,0.0,1.0,2.0,1.0,jax,buf,5,0,20,27,40,359,2,14.0,29.0,10.0,1.0,27.0,359.0,101.3
152,51.0,0.0,0.0,5.0,0.0,atl,hou,5,1,19,20,35,249,1,23.0,64.0,3.3,0.0,20.0,249.0,99.3
153,82.0,0.0,0.0,3.0,2.0,hou,atl,5,0,21,29,38,351,1,36.0,96.0,8.2,1.0,29.0,351.0,130.1
154,57.0,1.0,2.0,3.0,1.0,det,car,5,1,24,25,41,247,3,23.0,99.0,18.9,0.0,25.0,247.0,69.3
155,61.0,2.0,0.0,0.0,0.0,car,det,5,0,42,20,28,236,3,30.0,159.0,12.1,3.0,20.0,236.0,85.0
156,73.0,2.0,0.0,2.0,0.0,buf,nyg,6,1,9,24,36,200,0,34.0,132.0,14.0,0.0,24.0,200.0,42.0
157,56.0,0.0,1.0,3.0,1.0,nyg,buf,6,0,14,19,30,169,2,29.0,128.0,15.4,0.0,19.0,169.0,53.7
158,58.0,5.0,0.0,2.0,0.0,lac,dal,6,1,20,21,30,272,1,26.0,96.0,25.7,1.0,21.0,272.0,62.0
159,52.0,1.0,1.0,6.0,0.0,dal,lac,6,0,17,22,37,227,2,23.0,53.0,11.2,0.0,22.0,227.0,62.7
160,45.0,4.0,2.0,9.0,1.0,kc,den,6,1,8,13,22,95,1,23.0,115.0,18.3,0.0,13.0,95.0,37.2
161,65.0,2.0,1.0,5.0,1.0,den,kc,6,0,19,30,41,306,1,27.0,96.0,11.1,0.0,30.0,306.0,74.5
162,70.0,3.0,0.0,3.0,1.0,tb,det,6,1,20,30,44,353,2,22.0,40.0,10.0,0.0,30.0,353.0,123.2
163,47.0,1.0,1.0,9.0,0.0,det,tb,6,0,6,19,37,206,0,16.0,46.0,13.2,0.0,19.0,206.0,74.6
164,57.0,2.0,3.0,12.0,1.0,nyj,phi,6,1,14,28,45,280,1,22.0,80.0,15.2,1.0,28.0,280.0,63.9
165,52.0,5.0,0.0,5.0,0.0,phi,nyj,6,0,20,19,33,186,0,21.0,89.0,34.1,1.0,19.0,186.0,48.1
166,75.0,2.0,1.0,3.0,1.0,hou,no,6,1,13,33,51,357,1,25.0,89.0,16.1,0.0,33.0,357.0,98.6
167,55.0,2.0,1.0,3.0,0.0,no,hou,6,0,20,13,27,199,2,31.0,120.0,26.6,0.0,13.0,199.0,74.8
168,56.0,4.0,1.0,3.0,0.0,lv,ne,6,1,17,24,33,200,0,19.0,83.0,12.5,2.0,24.0,200.0,82.0
169,63.0,0.0,1.0,5.0,0.0,ne,lv,6,0,21,20,32,264,1,33.0,84.0,9.1,0.0,20.0,264.0,91.2
170,65.0,2.0,1.0,6.0,1.0,lar,ari,6,1,9,21,41,235,0,30.0,130.0,19.4,0.0,21.0,235.0,82.7
171,57.0,3.0,0.0,0.0,1.0,ari,lar,6,0,26,15,24,226,1,28.0,179.0,15.4,1.0,15.0,226.0,70.6
172,69.0,3.0,3.0,9.0,1.0,jax,ind,6,1,20,33,55,329,1,17.0,44.0,7.4,1.0,33.0,329.0,73.9
173,52.0,3.0,1.0,2.0,0.0,ind,jax,6,0,37,20,30,181,2,29.0,85.0,23.1,2.0,20.0,181.0,58.5
174,68.0,4.0,0.0,3.0,1.0,mia,car,6,1,21,24,39,224,1,25.0,108.0,10.2,1.0,24.0,224.0,69.2
175,61.0,0.0,1.0,6.0,0.0,car,mia,6,0,42,21,32,262,3,33.0,162.0,14.0,3.0,21.0,262.0,53.900000000000006
176,68.0,4.0,2.0,7.0,0.0,cin,sea,6,1,13,27,41,326,0,25.0,87.0,10.8,1.0,27.0,326.0,100.8
177,47.0,3.0,1.0,6.0,0.0,sea,cin,6,0,17,24,35,185,2,15.0,46.0,9.2,0.0,24.0,185.0,58.2
178,72.0,1.0,1.0,2.0,0.0,ten,bal,6,1,24,21,30,223,1,39.0,139.0,12.8,0.0,21.0,223.0,85.1
179,45.0,6.0,1.0,4.0,0.0,bal,ten,6,0,16,12,21,150,0,19.0,129.0,17.6,1.0,12.0,150.0,116.3
180,58.0,2.0,0.0,2.0,3.0,chi,min,6,1,19,21,31,181,1,22.0,46.0,6.9,0.0,21.0,181.0,50.3
181,71.0,5.0,2.0,7.0,2.0,min,chi,6,0,13,16,24,141,0,36.0,162.0,23.2,1.0,16.0,141.0,65.7
182,43.0,2.0,1.0,3.0,0.0,cle,sf,6,1,17,12,27,125,1,25.0,108.0,27.1,1.0,12.0,125.0,49.0
183,69.0,2.0,2.0,5.0,1.0,sf,cle,6,0,19,18,34,192,0,34.0,160.0,37.099999999999994,1.0,18.0,192.0,61.3
184,46.0,5.0,0.0,2.0,0.0,atl,was,6,1,24,14,23,151,3,22.0,72.0,14.7,0.0,14.0,151.0,39.5
185,77.0,3.0,3.0,9.0,0.0,was,atl,6,0,16,28,47,307,2,29.0,106.0,15.7,0.0,28.0,307.0,75.0
186,49.0,0.0,0.0,5.0,1.0,no,jax,7,1,31,21,30,217,1,26.0,113.0,11.2,2.0,21.0,217.0,54.5
187,78.0,1.0,1.0,9.0,1.0,jax,no,7,0,24,33,55,301,1,31.0,112.0,18.7,1.0,33.0,301.0,60.2
188,41.0,4.0,1.0,3.0,0.0,phi,mia,7,1,17,23,32,216,1,12.0,45.0,3.5,0.0,23.0,216.0,59.5
189,66.0,3.0,1.0,5.0,1.0,mia,phi,7,0,31,23,31,279,2,34.0,99.0,8.0,2.0,23.0,279.0,48.7
190,54.0,1.0,2.0,4.0,1.0,min,sf,7,1,17,21,30,272,1,22.0,65.0,7.800000000000001,1.0,21.0,272.0,76.8
191,65.0,0.0,1.0,4.0,0.0,sf,min,7,0,22,35,45,378,2,21.0,74.0,12.5,0.0,35.0,378.0,89.3
192,60.0,4.0,0.0,8.0,1.0,sea,ari,7,1,10,20,34,150,0,25.0,127.0,18.6,1.0,20.0,150.0,54.3
193,61.0,2.0,1.0,3.0,1.0,ari,sea,7,0,20,18,24,219,2,32.0,115.0,5.7,0.0,18.0,219.0,81.6
194,57.0,2.0,0.0,2.0,1.0,lar,pit,7,1,24,17,25,230,0,29.0,86.0,10.1,3.0,17.0,230.0,59.7
195,61.0,2.0,1.0,2.0,0.0,pit,lar,7,0,17,14,29,231,1,31.0,135.0,16.9,1.0,14.0,231.0,81.8
196,58.0,5.0,2.0,7.0,0.0,kc,lac,7,1,17,17,30,259,1,26.0,139.0,21.1,1.0,17.0,259.0,94.1
197,53.0,1.0,1.0,2.0,1.0,lac,kc,7,0,31,32,42,424,4,21.0,68.0,13.3,0.0,32.0,424.0,115.4
198,65.0,0.0,1.0,5.0,0.0,den,gb,7,1,17,22,32,194,2,29.0,137.0,26.0,0.0,22.0,194.0,88.8
199,55.0,1.0,0.0,0.0,0.0,gb,den,7,0,19,20,29,194,1,25.0,145.0,27.5,0.0,20.0,194.0,49.5
200,75.0,1.0,0.0,3.0,2.0,tb,atl,7,1,16,19,25,250,0,38.0,156.0,17.7,1.0,19.0,250.0,120.4
201,64.0,3.0,1.0,7.0,2.0,atl,tb,7,0,13,27,42,275,1,20.0,73.0,15.1,0.0,27.0,275.0,53.8
202,47.0,1.0,3.0,10.0,0.0,chi,lv,7,1,12,27,45,204,1,14.0,39.0,6.2,0.0,27.0,204.0,64.4
203,73.0,2.0,0.0,3.0,1.0,lv,chi,7,0,30,21,29,162,1,38.0,173.0,24.0,2.0,21.0,162.0,60.6
204,61.0,6.0,1.0,6.0,0.0,nyg,was,7,1,7,22,42,249,0,19.0,76.0,18.3,1.0,22.0,249.0,70.7
205,64.0,4.0,0.0,5.0,1.0,was,nyg,7,0,14,18,29,279,2,32.0,106.0,8.100000000000001,0.0,18.0,279.0,123.7
206,63.0,2.0,2.0,7.0,0.0,ind,cle,7,1,39,16,37,183,0,33.0,150.0,30.9,3.0,16.0,183.0,63.6
207,75.0,4.0,1.0,3.0,4.0,cle,ind,7,0,38,15,23,305,2,40.0,168.0,24.1,3.0,15.0,305.0,98.2
208,59.0,5.0,1.0,6.0,2.0,bal,det,7,1,6,33,53,284,0,14.0,84.0,11.5,1.0,33.0,284.0,63.4
209,51.0,0.0,0.0,0.0,0.0,det,bal,7,0,38,21,28,357,3,27.0,146.0,20.1,2.0,21.0,357.0,180.9
210,64.0,1.0,1.0,3.0,1.0,ne,buf,7,1,25,27,41,265,2,24.0,81.0,8.7,1.0,27.0,265.0,84.2
211,61.0,1.0,0.0,2.0,1.0,buf,ne,7,0,29,25,30,272,2,24.0,96.0,30.3,1.0,25.0,272.0,95.0
212,47.0,3.0,2.0,6.0,2.0,den,kc,8,1,9,24,38,240,0,16.0,62.0,14.7,0.0,24.0,240.0,98.2
213,71.0,6.0,0.0,2.0,2.0,kc,den,8,0,24,12,19,114,3,40.0,153.0,20.2,0.0,12.0,114.0,54.8
214,53.0,3.0,0.0,8.0,0.0,buf,tb,8,1,18,25,42,237,2,17.0,78.0,27.3,0.0,25.0,237.0,64.9
215,71.0,2.0,1.0,6.0,0.0,tb,buf,8,0,24,31,40,324,2,26.0,115.0,12.1,1.0,31.0,324.0,55.8
216,41.0,6.0,1.0,3.0,1.0,det,lv,8,1,14,10,21,126,0,18.0,80.0,17.1,1.0,10.0,126.0,93.5
217,88.0,1.0,1.0,3.0,2.0,lv,det,8,0,26,26,37,272,1,43.0,222.0,8.1,1.0,26.0,272.0,82.5
218,57.0,4.0,0.0,5.0,1.0,ari,bal,8,1,31,18,27,157,1,29.0,130.0,29.4,3.0,18.0,157.0,57.8
219,68.0,2.0,2.0,4.0,1.0,bal,ari,8,0,24,25,37,208,2,32.0,129.0,20.7,1.0,25.0,208.0,46.5
220,59.0,1.0,2.0,7.0,0.0,lac,chi,8,1,13,25,37,232,0,25.0,73.0,12.5,2.0,25.0,232.0,98.3
221,63.0,0.0,0.0,3.0,1.0,chi,lac,8,0,30,31,40,298,3,25.0,54.0,7.4,0.0,31.0,298.0,66.8
222,70.0,3.0,0.0,3.0,2.0,sf,cin,8,1,31,28,32,283,3,27.0,134.0,17.6,1.0,28.0,283.0,65.10000000000001
223,54.0,2.0,2.0,4.0,1.0,cin,sf,8,0,17,22,31,365,1,23.0,113.0,14.7,1.0,22.0,365.0,70.60000000000001
224,56.0,2.0,0.0,3.0,1.0,was,phi,8,1,38,29,38,319,4,22.0,59.0,3.0999999999999996,1.0,29.0,319.0,65.9
225,63.0,1.0,1.0,6.0,1.0,phi,was,8,0,31,39,52,397,4,16.0,84.0,16.6,0.0,39.0,397.0,85.1
226,77.0,3.0,2.0,6.0,1.0,sea,cle,8,1,20,16,32,257,1,40.0,155.0,11.6,1.0,16.0,257.0,110.1
227,44.0,1.0,2.0,4.0,1.0,cle,sea,8,0,24,23,37,254,2,17.0,114.0,15.4,1.0,23.0,254.0,72.5
228,65.0,6.0,0.0,4.0,1.0,ten,atl,8,1,23,20,34,246,1,26.0,140.0,28.7,1.0,20.0,246.0,92.2
229,63.0,2.0,0.0,2.0,0.0,atl,ten,8,0,28,19,29,238,4,36.0,149.0,23.2,0.0,19.0,238.0,87.1
230,67.0,3.0,1.0,2.0,2.0,pit,jax,8,1,20,24,32,292,1,30.0,106.0,20.3,0.0,24.0,292.0,62.400000000000006
231,51.0,3.0,2.0,7.0,1.0,jax,pit,8,0,10,25,43,211,1,18.0,70.0,26.700000000000003,0.0,25.0,211.0,60.099999999999994
232,50.0,4.0,0.0,8.0,1.0,nyg,nyj,8,1,13,17,36,240,1,22.0,58.0,20.2,0.0,17.0,240.0,61.0
233,84.0,4.0,0.0,4.0,1.0,nyj,nyg,8,0,10,6,14,7,0,52.0,203.0,24.3,1.0,6.0,7.0,7.0
234,49.0,3.0,1.0,4.0,0.0,mia,ne,8,1,17,19,29,161,2,19.0,77.0,11.0,0.0,19.0,161.0,70.8
235,64.0,2.0,1.0,6.0,0.0,ne,mia,8,0,31,30,45,324,3,26.0,78.0,9.9,1.0,30.0,324.0,80.6
236,71.0,3.0,0.0,5.0,1.0,gb,min,8,1,24,26,35,297,2,31.0,62.0,12.0,1.0,26.0,297.0,66.8
237,58.0,4.0,1.0,7.0,2.0,min,gb,8,0,10,24,41,229,1,17.0,74.0,14.4,0.0,24.0,229.0,67.3
238,72.0,1.0,0.0,2.0,1.0,ind,no,8,1,38,20,29,354,2,36.0,161.0,17.8,3.0,20.0,354.0,126.0
239,63.0,2.0,1.0,10.0,0.0,no,ind,8,0,27,23,41,213,2,24.0,164.0,16.9,1.0,23.0,213.0,89.0
240,64.0,2.0,0.0,4.0,1.0,car,hou,8,1,13,16,24,140,0,30.0,110.0,23.8,2.0,16.0,140.0,59.8
241,68.0,6.0,0.0,3.0,0.0,hou,car,8,0,15,22,31,235,1,24.0,44.0,6.3999999999999995,0.0,22.0,235.0,86.0
242,52.0,2.0,1.0,5.0,0.0,dal,lar,8,1,20,18,32,204,1,24.0,92.0,20.5,1.0,18.0,204.0,77.1
243,59.0,3.0,1.0,6.0,0.0,lar,dal,8,0,43,27,34,307,4,26.0,102.0,26.799999999999997,0.0,27.0,307.0,80.8
244,49.0,5.0,0.0,6.0,2.0,nyj,lac,9,1,27,16,30,136,0,21.0,84.0,17.1,2.0,16.0,136.0,41.1
245,71.0,8.0,0.0,7.0,3.0,lac,nyj,9,0,6,33,49,263,0,20.0,64.0,10.1,0.0,33.0,263.0,81.4
246,59.0,4.0,1.0,6.0,0.0,pit,ten,9,1,16,22,39,262,0,25.0,105.0,20.0,1.0,22.0,262.0,114.8
247,63.0,0.0,0.0,3.0,0.0,ten,pit,9,0,20,19,30,160,1,30.0,166.0,16.3,1.0,19.0,160.0,55.2
248,64.0,1.0,0.0,3.0,0.0,car,ind,9,1,27,17,26,127,1,30.0,78.0,7.300000000000001,0.0,17.0,127.0,47.4
249,63.0,4.0,3.0,8.0,1.0,ind,car,9,0,13,24,39,173,1,28.0,138.0,18.299999999999997,0.0,24.0,173.0,69.89999999999999
250,63.0,8.0,2.0,5.0,1.0,lv,nyg,9,1,6,19,29,200,1,25.0,123.0,18.9,0.0,19.0,200.0,68.6
251,62.0,0.0,0.0,2.0,0.0,nyg,lv,9,0,30,16,25,209,0,34.0,125.0,28.3,3.0,16.0,209.0,108.5
252,64.0,2.0,3.0,7.0,2.0,no,chi,9,1,17,18,30,220,2,32.0,156.0,13.0,0.0,18.0,220.0,69.8
253,68.0,0.0,0.0,2.0,0.0,chi,no,9,0,24,26,35,214,3,27.0,87.0,10.6,0.0,26.0,214.0,92.1
254,50.0,1.0,1.0,2.0,1.0,cin,buf,9,1,18,26,38,258,1,16.0,68.0,10.8,1.0,26.0,258.0,56.5
255,57.0,1.0,0.0,7.0,0.0,buf,cin,9,0,24,31,44,348,2,22.0,54.0,7.7,1.0,31.0,348.0,88.0
256,75.0,3.0,1.0,6.0,1.0,ne,was,9,1,20,29,45,325,1,29.0,124.0,14.6,1.0,29.0,325.0,87.7
257,49.0,0.0,1.0,10.0,0.0,was,ne,9,0,17,24,44,220,1,19.0,107.0,13.5,1.0,24.0,220.0,62.8
258,66.0,5.0,0.0,6.0,1.0,phi,dal,9,1,23,29,44,374,3,21.0,73.0,10.6,0.0,29.0,374.0,72.2
259,60.0,3.0,0.0,1.0,2.0,dal,phi,9,0,28,17,23,207,2,33.0,109.0,17.3,2.0,17.0,207.0,67.6
260,50.0,1.0,1.0,10.0,1.0,gb,lar,9,1,3,13,28,130,0,26.0,68.0,8.899999999999999,0.0,13.0,130.0,67.0
261,80.0,4.0,0.0,1.0,2.0,lar,gb,9,0,20,20,26,228,1,38.0,184.0,41.599999999999994,1.0,20.0,228.0,101.1
262,48.0,7.0,2.0,8.0,1.0,cle,ari,9,1,0,11,20,58,0,21.0,41.0,8.0,0.0,11.0,58.0,22.8
263,77.0,1.0,0.0,1.0,0.0,ari,cle,9,0,27,19,30,219,2,40.0,113.0,15.2,1.0,19.0,219.0,54.9
264,68.0,2.0,0.0,3.0,2.0,hou,tb,9,1,37,21,30,265,2,31.0,81.0,5.2,2.0,21.0,265.0,68.0
265,54.0,3.0,0.0,1.0,2.0,tb,hou,9,0,39,30,42,470,5,17.0,53.0,18.0,0.0,30.0,470.0,92.0
266,55.0,3.0,0.0,0.0,2.0,kc,mia,9,1,14,21,34,193,1,21.0,117.0,29.9,1.0,21.0,193.0,74.2
267,57.0,2.0,0.0,3.0,1.0,mia,kc,9,0,21,20,30,185,2,24.0,93.0,11.1,0.0,20.0,185.0,91.8
268,80.0,4.0,0.0,6.0,2.0,atl,min,9,1,31,25,36,236,2,33.0,146.0,20.799999999999997,1.0,25.0,236.0,85.6
269,64.0,1.0,1.0,4.0,1.0,min,atl,9,0,28,21,38,268,1,28.0,110.0,14.6,1.0,21.0,268.0,82.5
270,34.0,4.0,1.0,7.0,1.0,bal,sea,9,1,3,13,28,157,0,15.0,28.0,5.8,0.0,13.0,157.0,83.2
271,76.0,1.0,0.0,2.0,2.0,sea,bal,9,0,37,26,33,225,1,41.0,298.0,36.8,3.0,26.0,225.0,53.900000000000006
272,72.0,3.0,0.0,2.0,0.0,ari,atl,10,1,23,12,21,94,1,41.0,184.0,24.2,2.0,12.0,94.0,46.5
273,53.0,2.0,1.0,6.0,0.0,atl,ari,10,0,25,19,32,249,0,26.0,122.0,25.1,2.0,19.0,249.0,70.8
274,48.0,5.0,1.0,6.0,0.0,dal,nyg,10,1,17,14,27,86,2,23.0,111.0,15.0,0.0,14.0,86.0,44.0
275,68.0,0.0,2.0,5.0,0.0,nyg,dal,10,0,49,33,44,472,4,33.0,168.0,33.3,3.0,33.0,472.0,96.2
276,60.0,0.0,0.0,2.0,0.0,lac,det,10,1,41,23,33,333,2,31.0,200.0,19.0,3.0,23.0,333.0,92.2
277,67.0,0.0,1.0,5.0,0.0,det,lac,10,0,38,27,40,323,4,28.0,98.0,10.5,1.0,27.0,323.0,59.2
278,54.0,3.0,0.0,4.0,0.0,chi,car,10,1,13,21,38,185,0,16.0,43.0,9.6,0.0,21.0,185.0,103.5
279,67.0,0.0,0.0,4.0,0.0,car,chi,10,0,16,20,33,162,0,37.0,133.0,29.9,1.0,20.0,162.0,56.1
280,58.0,2.0,1.0,5.0,1.0,lv,nyj,10,1,12,23,40,263,0,21.0,108.0,22.2,0.0,23.0,263.0,89.0
281,70.0,3.0,1.0,4.0,2.0,nyj,lv,10,0,16,16,27,153,1,32.0,148.0,34.8,0.0,16.0,153.0,52.6
282,80.0,4.0,0.0,0.0,1.0,buf,den,10,1,24,24,29,193,2,38.0,122.0,13.4,0.0,24.0,193.0,67.3
283,51.0,0.0,2.0,4.0,2.0,den,buf,10,0,22,15,26,177,1,26.0,192.0,22.0,2.0,15.0,177.0,79.5
284,51.0,3.0,0.0,7.0,1.0,sea,was,10,1,26,29,44,312,3,14.0,68.0,16.6,0.0,29.0,312.0,85.0
285,72.0,1.0,0.0,5.0,0.0,was,sea,10,0,29,31,47,369,2,26.0,120.0,23.6,0.0,31.0,369.0,130.8
286,47.0,4.0,1.0,6.0,0.0,tb,ten,10,1,6,19,39,199,0,16.0,42.0,5.800000000000001,0.0,19.0,199.0,72.3
287,63.0,3.0,1.0,2.0,0.0,ten,tb,10,0,20,18,29,278,2,29.0,77.0,13.8,0.0,18.0,278.0,79.3
288,71.0,1.0,1.0,7.0,1.0,cin,hou,10,1,30,23,39,356,1,34.0,188.0,39.0,2.0,23.0,356.0,93.2
289,56.0,4.0,2.0,2.0,1.0,hou,cin,10,0,27,27,40,347,2,16.0,66.0,8.2,1.0,27.0,347.0,85.4
290,57.0,1.0,2.0,7.0,0.0,pit,gb,10,1,19,21,40,289,2,24.0,116.0,16.0,0.0,21.0,289.0,109.4
291,67.0,1.0,0.0,5.0,0.0,gb,pit,10,0,23,14,23,126,0,36.0,205.0,21.8,2.0,14.0,126.0,60.900000000000006
292,53.0,0.0,1.0,4.0,0.0,ne,ind,10,1,10,18,28,194,0,26.0,70.0,4.5,1.0,18.0,194.0,77.3
293,73.0,5.0,2.0,3.0,1.0,ind,ne,10,0,6,18,27,195,0,36.0,167.0,16.900000000000002,0.0,18.0,195.0,73.7
294,54.0,3.0,2.0,7.0,1.0,min,no,10,1,19,26,43,232,2,15.0,65.0,22.5,0.0,26.0,232.0,78.7
295,69.0,1.0,0.0,6.0,0.0,no,min,10,0,27,23,34,268,1,33.0,125.0,16.4,2.0,23.0,268.0,64.3
296,60.0,2.0,0.0,4.0,0.0,jax,sf,10,1,34,20,28,302,3,30.0,144.0,17.5,1.0,20.0,302.0,113.3
297,51.0,5.0,2.0,6.0,2.0,sf,jax,10,0,3,18,32,190,0,17.0,59.0,13.1,0.0,18.0,190.0,57.3
298,77.0,4.0,1.0,3.0,1.0,bal,cle,10,1,33,20,35,213,1,36.0,178.0,16.099999999999998,1.0,20.0,213.0,47.8
299,49.0,3.0,2.0,6.0,0.0,cle,bal,10,0,31,13,23,223,1,24.0,106.0,22.1,2.0,13.0,223.0,130.1
300,49.0,2.0,3.0,8.0,0.0,mia,lv,11,1,13,24,41,271,1,16.0,36.0,-0.2000000000000001,0.0,24.0,271.0,77.9
301,80.0,1.0,1.0,4.0,2.0,lv,mia,11,0,20,28,39,325,2,28.0,99.0,9.9,0.0,28.0,325.0,90.2
302,50.0,6.0,2.0,5.0,2.0,buf,nyj,11,1,6,15,30,132,1,18.0,63.0,24.6,0.0,15.0,132.0,61.8
303,70.0,1.0,1.0,3.0,1.0,nyj,buf,11,0,32,20,32,275,3,38.0,130.0,11.5,0.0,20.0,275.0,89.2
304,69.0,2.0,1.0,5.0,2.0,den,min,11,1,20,20,32,221,1,36.0,175.0,14.4,1.0,20.0,221.0,66.3
305,56.0,2.0,0.0,2.0,1.0,min,den,11,0,21,27,35,259,1,15.0,46.0,11.9,0.0,27.0,259.0,70.0
306,44.0,5.0,1.0,3.0,1.0,kc,phi,11,1,21,14,22,150,0,27.0,114.0,13.7,3.0,14.0,150.0,44.3
307,61.0,1.0,1.0,5.0,1.0,phi,kc,11,0,17,24,43,177,2,30.0,168.0,35.0,0.0,24.0,177.0,49.4
308,57.0,5.0,0.0,7.0,0.0,bal,cin,11,1,20,19,31,169,2,23.0,136.0,31.3,0.0,19.0,169.0,53.3
309,53.0,3.0,0.0,2.0,1.0,cin,bal,11,0,34,16,26,264,2,31.0,157.0,23.299999999999997,2.0,16.0,264.0,132.8
310,58.0,4.0,1.0,11.0,1.0,sf,tb,11,1,14,29,45,246,1,18.0,66.0,30.0,1.0,29.0,246.0,96.1
311,65.0,4.0,0.0,0.0,0.0,tb,sf,11,0,27,21,25,333,3,30.0,115.0,12.2,0.0,21.0,333.0,68.3
312,52.0,9.0,0.0,5.0,0.0,was,nyg,11,1,31,18,26,246,3,19.0,91.0,14.6,0.0,18.0,246.0,82.19999999999999
313,78.0,4.0,3.0,8.0,4.0,nyg,was,11,0,19,31,45,256,1,28.0,174.0,34.7,1.0,31.0,256.0,81.1
314,58.0,2.0,1.0,7.0,0.0,lar,sea,11,1,16,24,40,236,1,21.0,68.0,10.6,0.0,24.0,236.0,75.0
315,57.0,1.0,1.0,6.0,0.0,sea,lar,11,0,17,17,31,190,1,27.0,82.0,12.0,1.0,17.0,190.0,85.7
316,53.0,2.0,0.0,5.0,1.0,gb,lac,11,1,20,21,36,260,2,24.0,150.0,17.7,0.0,21.0,260.0,99.4
317,65.0,3.0,0.0,5.0,1.0,lac,gb,11,0,23,27,40,322,2,28.0,102.0,25.9,1.0,27.0,322.0,112.9
318,60.0,0.0,0.0,8.0,0.0,car,dal,11,1,33,27,41,204,2,27.0,107.0,30.0,1.0,27.0,204.0,67.1
319,64.0,6.0,1.0,2.0,1.0,dal,car,11,0,10,16,29,123,1,23.0,110.0,11.7,0.0,16.0,123.0,49.8
320,52.0,3.0,0.0,4.0,0.0,cle,pit,11,1,10,15,28,106,0,26.0,172.0,18.5,1.0,15.0,106.0,45.5
321,70.0,1.0,1.0,6.0,0.0,pit,cle,11,0,13,24,43,165,0,29.0,96.0,21.3,1.0,24.0,165.0,36.8
322,68.0,3.0,0.0,3.0,3.0,min,chi,12,1,12,27,37,217,0,28.0,118.0,12.4,0.0,27.0,217.0,34.5
323,46.0,2.0,4.0,8.0,2.0,chi,min,12,0,10,22,32,185,1,17.0,73.0,14.7,0.0,22.0,185.0,52.8
324,48.0,2.0,0.0,3.0,1.0,jax,ten,11,1,14,13,17,158,2,19.0,92.0,45.8,0.0,13.0,158.0,107.8
325,72.0,1.0,0.0,2.0,0.0,ten,jax,11,0,34,24,32,262,2,36.0,128.0,30.299999999999997,2.0,24.0,262.0,89.8
326,58.0,2.0,1.0,7.0,0.0,hou,ari,11,1,16,20,30,214,1,25.0,123.0,18.7,1.0,20.0,214.0,99.3
327,68.0,4.0,3.0,7.0,0.0,ari,hou,11,0,21,28,38,338,2,25.0,111.0,4.1,1.0,28.0,338.0,85.2
328,53.0,0.0,0.0,1.0,0.0,det,gb,12,1,29,22,32,268,3,22.0,109.0,27.8,0.0,22.0,268.0,75.3
329,75.0,3.0,0.0,2.0,3.0,gb,det,12,0,22,29,44,332,2,31.0,140.0,18.6,1.0,29.0,332.0,90.8
330,75.0,2.0,0.0,2.0,2.0,det,chi,11,1,26,16,23,169,1,46.0,183.0,15.3,1.0,16.0,169.0,60.900000000000006
331,54.0,2.0,3.0,5.0,1.0,chi,det,11,0,31,23,35,236,2,22.0,115.0,12.3,2.0,23.0,236.0,74.4
332,65.0,2.0,0.0,5.0,1.0,lac,bal,12,1,20,18,32,177,1,35.0,197.0,57.1,1.0,18.0,177.0,81.3
333,60.0,3.0,1.0,7.0,3.0,bal,lac,12,0,10,29,44,217,1,19.0,86.0,17.2,0.0,29.0,217.0,57.8
334,56.0,1.0,0.0,0.0,0.0,lv,kc,12,1,31,27,34,298,2,23.0,69.0,7.2,2.0,27.0,298.0,58.7
335,55.0,1.0,0.0,2.0,0.0,kc,lv,12,0,17,23,34,248,1,23.0,123.0,18.5,1.0,23.0,248.0,70.6
336,52.0,6.0,1.0,5.0,1.0,ind,tb,12,1,20,20,31,199,2,19.0,125.0,22.4,0.0,20.0,199.0,59.3
337,64.0,2.0,1.0,7.0,0.0,tb,ind,12,0,27,24,41,251,0,27.0,155.0,18.0,3.0,24.0,251.0,78.1
338,66.0,4.0,0.0,3.0,1.0,ten,car,12,1,10,18,31,194,0,32.0,96.0,12.8,1.0,18.0,194.0,88.7
339,49.0,1.0,0.0,5.0,0.0,car,ten,12,0,17,18,28,185,0,24.0,80.0,7.199999999999999,2.0,18.0,185.0,60.6
340,71.0,0.0,1.0,1.0,0.0,ari,lar,12,1,37,25,33,229,4,33.0,228.0,18.8,1.0,25.0,229.0,65.6
341,54.0,4.0,0.0,10.0,0.0,lar,ari,12,0,14,27,45,256,1,15.0,73.0,26.3,1.0,27.0,256.0,80.89999999999999
342,80.0,1.0,1.0,9.0,0.0,phi,buf,12,1,34,29,51,339,2,40.0,173.0,18.2,2.0,29.0,339.0,68.6
343,51.0,2.0,1.0,5.0,0.0,buf,phi,12,0,37,18,31,200,3,32.0,185.0,30.3,2.0,18.0,200.0,74.5
344,56.0,4.0,0.0,4.0,2.0,den,cle,12,1,12,20,42,190,1,24.0,107.0,13.5,0.0,20.0,190.0,51.8
345,58.0,1.0,0.0,2.0,1.0,cle,den,12,0,29,13,22,134,1,39.0,169.0,27.6,2.0,13.0,134.0,71.8
346,66.0,2.0,3.0,7.0,2.0,nyg,ne,12,1,7,21,35,143,0,31.0,147.0,12.8,1.0,21.0,143.0,49.5
347,45.0,6.0,0.0,4.0,1.0,ne,nyg,12,0,10,17,25,191,1,19.0,58.0,8.0,0.0,17.0,191.0,76.3
348,74.0,2.0,0.0,3.0,1.0,cin,pit,12,1,16,24,33,278,0,33.0,153.0,11.4,1.0,24.0,278.0,80.9
349,39.0,4.0,1.0,6.0,1.0,pit,cin,12,0,10,19,26,227,1,11.0,25.0,5.0,0.0,19.0,227.0,111.5
350,66.0,1.0,1.0,5.0,2.0,atl,no,12,1,15,24,38,304,0,28.0,148.0,34.8,0.0,24.0,304.0,91.1
351,69.0,0.0,2.0,4.0,0.0,no,atl,12,0,24,13,21,168,1,41.0,228.0,21.8,1.0,13.0,168.0,62.9
352,73.0,2.0,2.0,5.0,0.0,nyj,mia,12,1,34,21,30,243,1,37.0,167.0,18.3,2.0,21.0,243.0,41.3
353,48.0,7.0,2.0,6.0,1.0,mia,nyj,12,0,13,27,38,179,1,10.0,29.0,6.6,0.0,27.0,179.0,60.0
354,69.0,0.0,1.0,6.0,0.0,hou,jax,12,1,24,23,38,364,1,30.0,81.0,11.5,1.0,23.0,364.0,127.7
355,55.0,4.0,0.0,3.0,0.0,jax,hou,12,0,21,26,36,304,2,18.0,91.0,25.6,1.0,26.0,304.0,109.9
356,67.0,1.0,1.0,3.0,1.0,sea,sf,12,1,31,21,31,209,1,33.0,169.0,15.7,3.0,21.0,209.0,83.6
357,61.0,6.0,1.0,5.0,0.0,sf,sea,12,0,13,18,27,180,0,21.0,88.0,23.7,0.0,18.0,180.0,97.5
358,78.0,4.0,1.0,5.0,0.0,dal,was,12,1,10,28,44,300,0,27.0,108.0,18.8,1.0,28.0,300.0,94.8
359,42.0,0.0,0.0,3.0,1.0,was,dal,12,0,45,22,32,331,4,18.0,100.0,19.8,1.0,22.0,331.0,192.8
360,54.0,1.0,1.0,6.0,0.0,dal,sea,13,1,35,23,41,334,3,22.0,72.0,12.2,2.0,23.0,334.0,102.9
361,76.0,4.0,0.0,3.0,0.0,sea,dal,13,0,41,29,41,299,3,34.0,136.0,24.7,1.0,29.0,299.0,84.8
362,64.0,2.0,1.0,5.0,0.0,lar,cle,13,1,19,23,44,254,2,23.0,87.0,16.1,0.0,23.0,254.0,83.4
363,53.0,0.0,0.0,2.0,0.0,cle,lar,13,0,36,22,37,279,3,25.0,120.0,19.2,1.0,22.0,279.0,87.1
364,67.0,3.0,1.0,5.0,0.0,gb,kc,13,1,19,21,33,210,1,25.0,148.0,21.6,1.0,21.0,210.0,72.1
365,62.0,2.0,0.0,0.0,0.0,kc,gb,13,0,27,25,36,267,3,25.0,129.0,33.1,0.0,25.0,267.0,86.7
366,84.0,2.0,1.0,2.0,0.0,jax,cin,13,1,34,33,39,347,1,31.0,156.0,26.4,3.0,33.0,347.0,90.9
367,75.0,4.0,0.0,5.0,1.0,cin,jax,13,0,31,31,39,321,2,25.0,71.0,15.8,2.0,31.0,321.0,89.9
368,61.0,3.0,3.0,7.0,0.0,hou,den,13,1,17,15,26,186,1,30.0,118.0,24.7,1.0,15.0,186.0,92.0
369,67.0,5.0,0.0,1.0,1.0,den,hou,13,0,22,17,28,292,1,30.0,89.0,10.0,1.0,17.0,292.0,79.5
370,55.0,2.0,0.0,1.0,0.0,phi,sf,13,1,42,19,27,314,4,28.0,146.0,25.6,2.0,19.0,314.0,83.2
371,56.0,3.0,0.0,11.0,0.0,sf,phi,13,0,19,28,48,314,1,18.0,46.0,12.6,1.0,28.0,314.0,73.2
372,61.0,3.0,1.0,3.0,1.0,tb,car,13,1,18,15,31,178,0,34.0,133.0,13.1,2.0,15.0,178.0,66.5
373,50.0,1.0,1.0,5.0,0.0,car,tb,13,0,21,14,29,202,1,28.0,128.0,42.2,2.0,14.0,202.0,42.400000000000006
374,64.0,2.0,0.0,3.0,1.0,pit,ari,13,1,24,13,23,145,1,38.0,150.0,12.7,2.0,13.0,145.0,62.1
375,62.0,0.0,0.0,4.0,0.0,ari,pit,13,0,10,18,27,187,1,31.0,130.0,13.2,0.0,18.0,187.0,58.8
376,64.0,3.0,0.0,3.0,1.0,nyj,atl,13,1,13,12,27,121,1,34.0,90.0,8.399999999999999,0.0,12.0,121.0,60.5
377,63.0,4.0,1.0,3.0,4.0,atl,nyj,13,0,8,19,38,214,0,25.0,62.0,16.1,0.0,19.0,214.0,71.6
378,64.0,3.0,0.0,7.0,1.0,ten,ind,13,1,31,26,42,312,2,23.0,55.0,5.4,0.0,26.0,312.0,82.0
379,77.0,6.0,0.0,5.0,4.0,ind,ten,13,0,28,16,33,224,1,42.0,177.0,7.100000000000001,2.0,16.0,224.0,113.0
380,54.0,1.0,0.0,2.0,0.0,no,det,13,1,33,16,25,213,2,30.0,142.0,37.6,2.0,16.0,213.0,64.1
381,68.0,2.0,1.0,4.0,0.0,det,no,13,0,28,19,29,267,1,36.0,113.0,6.6,3.0,19.0,267.0,102.0
382,62.0,0.0,0.0,6.0,0.0,ne,lac,13,1,6,22,37,212,0,24.0,29.0,2.7,0.0,22.0,212.0,76.0
383,63.0,5.0,0.0,3.0,2.0,lac,ne,13,0,0,13,25,141,0,32.0,148.0,52.4,0.0,13.0,141.0,55.5
384,59.0,0.0,0.0,2.0,0.0,was,mia,13,1,45,19,25,283,2,34.0,123.0,9.0,3.0,19.0,283.0,76.3
385,55.0,3.0,1.0,4.0,1.0,mia,was,13,0,15,12,23,127,0,28.0,138.0,20.5,2.0,12.0,127.0,39.1
386,56.0,2.0,1.0,3.0,0.0,pit,ne,14,1,21,19,28,240,3,25.0,81.0,7.4,0.0,19.0,240.0,72.8
387,70.0,2.0,1.0,4.0,0.0,ne,pit,14,0,18,22,36,190,1,28.0,82.0,19.8,1.0,22.0,190.0,82.9
388,67.0,2.0,1.0,6.0,2.0,nyg,gb,14,1,22,25,39,218,1,25.0,123.0,21.5,1.0,25.0,218.0,77.9
389,52.0,0.0,0.0,0.0,0.0,gb,nyg,14,0,24,17,21,158,1,34.0,209.0,37.4,2.0,17.0,158.0,50.2
390,52.0,1.0,0.0,3.0,3.0,dal,phi,14,1,13,19,28,225,0,23.0,106.0,19.5,0.0,19.0,225.0,60.5
391,74.0,3.0,0.0,9.0,1.0,phi,dal,14,0,33,24,39,271,2,32.0,138.0,33.2,1.0,24.0,271.0,72.0
392,54.0,4.0,2.0,7.0,0.0,sf,sea,14,1,16,22,31,269,2,20.0,70.0,9.2,0.0,22.0,269.0,93.9
393,51.0,3.0,1.0,5.0,1.0,sea,sf,14,0,28,19,27,368,2,23.0,173.0,18.6,2.0,19.0,368.0,84.6
394,66.0,5.0,0.0,3.0,0.0,lv,min,14,1,3,19,36,146,0,30.0,132.0,22.2,0.0,19.0,146.0,54.2
395,54.0,4.0,1.0,2.0,1.0,min,lv,14,0,0,21,32,171,0,17.0,56.0,20.6,0.0,21.0,171.0,58.4
396,63.0,2.0,1.0,4.0,0.0,lac,den,14,1,24,21,33,224,2,31.0,106.0,15.7,1.0,21.0,224.0,114.2
397,65.0,6.0,1.0,8.0,2.0,den,lac,14,0,7,22,42,275,0,19.0,76.0,10.3,1.0,22.0,275.0,87.2
398,61.0,1.0,1.0,10.0,1.0,mia,ten,14,1,28,23,38,327,1,29.0,83.0,14.9,2.0,23.0,327.0,95.7
399,62.0,5.0,0.0,3.0,1.0,ten,mia,14,0,27,23,33,240,0,31.0,158.0,16.3,2.0,23.0,240.0,79.8
400,62.0,3.0,1.0,7.0,0.0,kc,buf,14,1,20,23,42,233,1,28.0,118.0,15.8,1.0,23.0,233.0,106.8
401,56.0,1.0,1.0,5.0,1.0,buf,kc,14,0,17,25,43,271,1,18.0,82.0,24.3,1.0,25.0,271.0,85.9
402,60.0,4.0,2.0,7.0,1.0,chi,det,14,1,13,20,35,161,1,24.0,140.0,20.6,1.0,20.0,161.0,69.8
403,60.0,3.0,0.0,4.0,1.0,det,chi,14,0,28,19,33,223,1,30.0,142.0,24.7,2.0,19.0,223.0,80.5
404,44.0,4.0,0.0,10.0,0.0,nyj,hou,14,1,6,11,28,95,0,19.0,81.0,10.8,1.0,11.0,95.0,64.2
405,60.0,4.0,0.0,3.0,1.0,hou,nyj,14,0,30,27,36,301,2,26.0,79.0,24.6,1.0,27.0,301.0,62.400000000000006
406,62.0,1.0,0.0,5.0,1.0,atl,tb,14,1,29,14,29,144,2,37.0,148.0,13.1,1.0,14.0,144.0,68.1
407,68.0,3.0,1.0,8.0,2.0,tb,atl,14,0,25,26,40,347,1,26.0,96.0,13.900000000000002,2.0,26.0,347.0,83.30000000000001
408,67.0,4.0,0.0,8.0,3.0,no,car,14,1,6,13,36,137,0,39.0,204.0,27.5,0.0,13.0,137.0,49.3
409,51.0,1.0,1.0,3.0,0.0,car,no,14,0,28,18,26,119,2,25.0,97.0,7.6,1.0,18.0,119.0,70.3
410,52.0,4.0,3.0,10.0,1.0,cle,jax,14,1,27,28,50,257,3,20.0,58.0,10.2,1.0,28.0,257.0,58.5
411,59.0,1.0,1.0,7.0,2.0,jax,cle,14,0,31,26,45,311,3,28.0,82.0,11.7,1.0,26.0,311.0,104.9
412,66.0,2.0,0.0,3.0,0.0,bal,lar,14,1,31,23,41,294,3,30.0,128.0,12.6,0.0,23.0,294.0,58.7
413,54.0,2.0,1.0,3.0,0.0,lar,bal,14,0,37,24,43,316,3,26.0,139.0,14.9,0.0,24.0,316.0,89.30000000000001
414,62.0,3.0,1.0,6.0,0.0,cin,ind,14,1,14,26,39,240,1,18.0,46.0,9.0,0.0,26.0,240.0,58.3
415,65.0,0.0,1.0,4.0,0.0,ind,cin,14,0,34,19,25,274,2,32.0,111.0,9.2,2.0,19.0,274.0,110.7
416,66.0,3.0,1.0,4.0,5.0,lv,lac,15,1,21,23,32,257,3,28.0,92.0,14.8,0.0,23.0,257.0,86.8
417,57.0,1.0,0.0,9.0,0.0,lac,lv,15,0,63,22,36,260,5,26.0,124.0,19.9,2.0,22.0,260.0,69.89999999999999
418,69.0,3.0,1.0,2.0,0.0,jax,bal,15,1,23,14,24,171,1,42.0,251.0,24.4,1.0,14.0,171.0,81.5
419,46.0,1.0,0.0,2.0,1.0,bal,jax,15,0,7,25,43,264,1,17.0,75.0,13.9,0.0,25.0,264.0,99.6
420,47.0,1.0,1.0,9.0,0.0,lar,was,15,1,20,19,36,226,3,21.0,79.0,17.1,0.0,19.0,226.0,59.7
421,89.0,3.0,0.0,2.0,2.0,was,lar,15,0,28,25,33,258,2,37.0,196.0,34.8,1.0,25.0,258.0,69.5
422,64.0,0.0,2.0,6.0,0.0,sea,phi,15,1,17,17,31,143,0,38.0,178.0,14.9,2.0,17.0,143.0,35.2
423,54.0,2.0,0.0,2.0,0.0,phi,sea,15,0,20,22,33,208,1,24.0,100.0,6.5,1.0,22.0,208.0,63.099999999999994
424,75.0,4.0,1.0,6.0,0.0,ten,hou,15,1,19,23,36,229,1,32.0,148.0,31.2,0.0,23.0,229.0,57.1
425,69.0,7.0,1.0,6.0,1.0,hou,ten,15,0,16,17,26,199,0,30.0,66.0,12.2,1.0,17.0,199.0,96.5
426,54.0,3.0,1.0,7.0,0.0,buf,dal,15,1,10,21,34,134,0,20.0,89.0,18.8,1.0,21.0,134.0,40.4
427,68.0,1.0,0.0,2.0,1.0,dal,buf,15,0,31,7,15,94,1,49.0,266.0,17.4,3.0,7.0,94.0,37.0
428,55.0,3.0,2.0,3.0,1.0,ne,kc,15,1,27,28,38,309,3,20.0,43.0,3.899999999999999,0.0,28.0,309.0,124.0
429,53.0,4.0,1.0,5.0,2.0,kc,ne,15,0,17,23,31,180,1,16.0,52.0,10.6,1.0,23.0,180.0,49.400000000000006
430,52.0,0.0,0.0,5.0,0.0,ari,sf,15,1,45,18,28,262,4,26.0,144.0,20.4,1.0,18.0,262.0,91.2
431,60.0,3.0,2.0,3.0,3.0,sf,ari,15,0,29,26,39,211,1,30.0,234.0,47.3,2.0,26.0,211.0,67.5
432,54.0,7.0,0.0,5.0,0.0,no,nyg,15,1,6,22,38,190,0,16.0,60.0,13.9,0.0,22.0,190.0,66.6
433,55.0,1.0,0.0,0.0,0.0,nyg,no,15,0,24,23,29,218,3,28.0,87.0,6.8,0.0,23.0,218.0,88.9
434,60.0,5.0,0.0,3.0,1.0,gb,tb,15,1,34,22,28,381,4,27.0,99.0,6.5,0.0,22.0,381.0,117.8
435,58.0,2.0,0.0,2.0,2.0,tb,gb,15,0,20,29,39,284,2,17.0,60.0,10.6,0.0,29.0,284.0,67.9
436,51.0,3.0,2.0,8.0,1.0,cle,chi,15,1,17,19,40,166,1,27.0,88.0,20.3,0.0,19.0,166.0,50.9
437,62.0,4.0,3.0,9.0,1.0,chi,cle,15,0,20,29,45,379,2,18.0,29.0,3.5999999999999996,0.0,29.0,379.0,143.5
438,48.0,6.0,2.0,9.0,2.0,mia,nyj,15,1,0,18,37,136,0,12.0,23.0,7.0,0.0,18.0,136.0,61.2
439,65.0,3.0,0.0,2.0,0.0,nyj,mia,15,0,30,23,26,228,1,28.0,77.0,7.9,2.0,23.0,228.0,54.3
440,60.0,2.0,0.0,8.0,1.0,det,den,15,1,17,18,32,223,1,28.0,83.0,21.4,1.0,18.0,223.0,101.7
441,60.0,2.0,0.0,3.0,0.0,den,det,15,0,42,24,34,278,5,28.0,185.0,14.1,1.0,24.0,278.0,79.0
442,59.0,4.0,2.0,3.0,1.0,ind,pit,15,1,13,18,26,172,1,24.0,74.0,7.3,1.0,18.0,172.0,48.39999999999999
443,62.0,3.0,0.0,4.0,0.0,pit,ind,15,0,30,18,28,215,3,34.0,170.0,14.8,0.0,18.0,215.0,91.0
444,58.0,0.0,1.0,2.0,1.0,car,atl,15,1,7,12,20,152,1,31.0,52.0,4.0,0.0,12.0,152.0,84.8
445,68.0,3.0,0.0,0.0,1.0,atl,car,15,0,9,18,24,167,0,36.0,129.0,14.400000000000002,0.0,18.0,167.0,80.8
446,75.0,3.0,2.0,4.0,0.0,cin,min,15,1,24,26,34,303,2,30.0,143.0,8.4,1.0,26.0,303.0,62.3
447,60.0,5.0,1.0,6.0,1.0,min,cin,15,0,27,29,42,324,2,22.0,80.0,18.0,1.0,29.0,324.0,112.6
448,65.0,2.0,0.0,3.0,0.0,sf,bal,16,1,33,23,35,252,2,26.0,102.0,12.4,1.0,23.0,252.0,116.8
449,56.0,4.0,5.0,11.0,0.0,bal,sf,16,0,19,26,46,336,1,18.0,121.0,21.9,1.0,26.0,336.0,75.3
450,55.0,4.0,0.0,3.0,0.0,mia,dal,16,1,20,20,32,253,2,25.0,97.0,31.7,0.0,20.0,253.0,86.5
451,62.0,1.0,0.0,0.0,0.0,dal,mia,16,0,22,24,37,293,1,26.0,91.0,12.8,0.0,24.0,293.0,126.2
452,52.0,2.0,1.0,5.0,0.0,lar,no,16,1,22,27,40,319,3,16.0,35.0,12.1,0.0,27.0,319.0,104.9
453,77.0,1.0,0.0,3.0,0.0,no,lar,16,0,30,24,34,328,2,32.0,133.0,9.0,1.0,24.0,328.0,50.599999999999994
454,47.0,4.0,2.0,5.0,2.0,tb,jax,16,1,12,28,44,305,2,13.0,37.0,5.300000000000001,0.0,28.0,305.0,75.7
455,68.0,2.0,0.0,5.0,0.0,jax,tb,16,0,30,26,35,283,2,36.0,70.0,6.4,1.0,26.0,283.0,81.1
456,47.0,2.0,0.0,6.0,0.0,chi,ari,16,1,16,24,38,230,2,20.0,93.0,21.2,0.0,24.0,230.0,70.3
457,65.0,1.0,1.0,6.0,0.0,ari,chi,16,0,27,15,27,170,1,39.0,250.0,24.5,2.0,15.0,170.0,64.6
458,48.0,1.0,1.0,2.0,1.0,phi,nyg,16,1,25,16,32,188,1,26.0,106.0,19.0,1.0,16.0,188.0,66.39999999999999
459,65.0,1.0,1.0,5.0,2.0,nyg,phi,16,0,33,24,38,301,1,35.0,170.0,18.7,2.0,24.0,301.0,78.4
460,58.0,2.0,0.0,1.0,1.0,den,ne,16,1,26,25,33,256,2,21.0,59.0,16.3,0.0,25.0,256.0,82.30000000000001
461,62.0,5.0,0.0,4.0,4.0,ne,den,16,0,23,25,37,238,2,23.0,83.0,15.4,1.0,25.0,238.0,75.0
462,46.0,2.0,0.0,2.0,0.0,kc,lv,16,1,20,9,21,62,0,29.0,157.0,16.1,0.0,9.0,62.0,27.5
463,65.0,4.0,1.0,5.0,1.0,lv,kc,16,0,14,28,45,246,1,25.0,85.0,9.2,1.0,28.0,246.0,70.8
464,55.0,3.0,0.0,2.0,1.0,ten,sea,16,1,20,25,36,227,2,20.0,58.0,7.4,0.0,25.0,227.0,52.0
465,67.0,6.0,0.0,4.0,1.0,sea,ten,16,0,17,19,27,164,1,31.0,162.0,24.5,1.0,19.0,164.0,67.4
466,46.0,1.0,2.0,9.0,0.0,nyj,was,16,1,28,16,35,156,1,22.0,102.0,21.1,3.0,16.0,156.0,69.1
467,79.0,0.0,1.0,8.0,0.0,was,nyj,16,0,30,27,49,217,1,36.0,164.0,22.1,2.0,27.0,217.0,34.4
468,69.0,1.0,2.0,7.0,0.0,hou,cle,16,1,36,28,44,374,3,30.0,54.0,3.200000000000001,2.0,28.0,374.0,68.9
469,49.0,3.0,2.0,12.0,1.0,cle,hou,16,0,22,26,49,211,2,16.0,72.0,24.4,0.0,26.0,211.0,82.6
470,75.0,1.0,0.0,3.0,2.0,min,det,16,1,30,30,40,257,1,36.0,143.0,16.5,3.0,30.0,257.0,76.9
471,41.0,4.0,4.0,8.0,2.0,det,min,16,0,24,22,36,411,2,11.0,17.0,2.6,1.0,22.0,411.0,138.7
472,68.0,1.0,0.0,1.0,1.0,car,gb,16,1,33,17,28,219,2,34.0,162.0,22.0,2.0,17.0,219.0,67.3
473,58.0,2.0,0.0,1.0,1.0,gb,car,16,0,30,23,36,312,2,25.0,96.0,24.5,2.0,23.0,312.0,93.8
474,56.0,3.0,3.0,7.0,1.0,pit,cin,16,1,11,28,42,335,1,16.0,59.0,7.9,0.0,28.0,335.0,88.3
475,64.0,1.0,0.0,3.0,1.0,cin,pit,16,0,34,17,27,290,2,30.0,113.0,16.1,2.0,17.0,290.0,85.3
476,53.0,1.0,1.0,2.0,3.0,lac,buf,16,1,24,15,21,237,1,30.0,105.0,10.5,2.0,15.0,237.0,73.3
477,67.0,5.0,0.0,3.0,0.0,buf,lac,16,0,22,23,33,215,0,27.0,98.0,15.4,1.0,23.0,215.0,97.4
478,64.0,6.0,1.0,6.0,1.0,atl,ind,16,1,10,20,37,201,0,25.0,92.0,26.7,1.0,20.0,201.0,63.7
479,68.0,1.0,0.0,5.0,0.0,ind,atl,16,0,29,23,33,229,1,30.0,177.0,22.4,1.0,23.0,229.0,99.9
